zip,expos_24,expos_23,expos_22,expos_21,expos_20
90001,744677082,635048691,565624601,531334332,506881488
90002,511211425,429482334,401097849,376062799,368275363
90003,796037581,619687790,553509144,518256363,512857861
90004,365649109,271919705,208090380,205188959,197807081
90005,111251506,74051546,57274330,62559731,50429364
90006,379606721,280636299,253780878,241557041,242615576
90007,339845908,243304669,237506732,211637424,194005244
90008,205611641,138763906,131737574,122689182,126502272
90011,1174793282,970094248,880507496,841376480,817446133
90012,128961867,53235962,36062200,36870279,33002169
90013,115975958,40516300,11638013,15588687,12327574
90014,80107446,37223531,20336621,19430000,26380000
90015,219810465,135048388,92030311,60562002,48852036
90016,327180910,286588832,252519060,247862628,253499776
90017,88272592,31230726,26056232,19443829,15551920
90018,533669779,452230041,422601797,402750674,398851347
90019,544401825,423401425,371952813,369494040,377322527
90020,88647958,47840661,37273273,28688746,25084371
90021,256971878,179558470,71542276,42305462,23266901
90022,495037076,402530273,376430586,364680741,348435857
90023,487495383,401020242,353592329,326904279,310125626
90024,123520479,49381842,31995407,22102763,24078581
90025,51882215,33074442,26439032,23892725,23507077
90026,430581455,350767100,319103070,307690534,306185257
90027,474322665,338563757,250370822,204328409,151017254
90028,93219450,49055436,23968269,23414153,20065822
90029,174206543,136165134,109892368,105857676,114647848
90031,368550793,306027235,251930641,251253522,233393551
90032,289747840,242011486,215306581,200113169,203724902
90033,323077696,277870377,258911732,246115738,246151342
90034,129534284,59815373,50059489,50092612,53611619
90035,106272534,50880484,46687110,39295299,40176581
90036,163461886,86861826,64469494,51422637,51651535
90037,749252756,626791105,570540781,541468333,523506963
90038,79060877,52491857,45251041,48706156,45851659
90039,207590633,160729588,134106068,131567251,130226597
90040,117134328,71745081,67970728,56438166,47998153
90041,197340064,138857886,121406568,116650343,108793185
90042,426145898,339048058,302366855,278310271,282539493
90043,411322299,311149201,286517641,271245219,277314803
90044,868588405,689508134,621354081,590818311,588825102
90045,30685224,27173734,19139871,18942204,15767751
90046,3024374642,2853313770,2457013270,1886399625,1416509479
90047,533707301,386532706,345657342,332093752,328909725
90048,137874020,67686052,59808293,65619901,60700199
90049,3644617582,2254618253,1902102721,1375219495,916505598
90056,45820265,22601906,15599315,16246692,20250128
90057,89687348,81702204,69636230,46375814,41773700
90058,160108035,94361050,52190436,31713684,19937901
90059,305186287,265698545,255023983,242886130,231203284
90061,224079124,192013226,174406516,160855270,151165188
90062,426638652,377804802,336243352,334114304,326915117
90063,570397878,482704547,456568917,442972389,423847797
90064,82985116,35695431,24280925,24250612,23785403
90065,556537072,414607836,360567818,317525374,310854719
90066,92976341,55442475,37573949,37290771,34581799
90067,5858815,3141645,1058932,1141448,646435
90068,2026669207,1726224742,1426587916,1104410603,898923944
90069,618357831,499021112,426401620,301669562,192655935
90071,0,883895,819750,0,0
90077,3546395306,2923169918,2561635350,1956877289,1299566779
90089,1395458,2079470,2465662,2733341,2575809
90094,7946889,1149250,427050,252500,0
90095,0,909563,848209,0,0
90201,466245927,355075150,308749161,281641387,262925854
90210,4953876587,4373971797,3761970318,2739336991,1755054955
90211,70077214,41040353,29099584,27060880,26977118
90212,101172323,38478689,33607525,22857458,15956924
90220,339594102,248402023,221895649,213313318,209101786
90221,414924075,319736000,292520534,292492116,287544227
90222,238530418,209866846,193031008,187818180,181928717
90230,48383291,30984637,27744952,23832971,23064481
90232,32387083,22813140,16066463,17336339,17765518
90240,147435565,71068726,61623225,61113426,60074374
90241,118440960,80295478,70080262,65974880,68056099
90242,106781765,80821665,69708416,70554184,68834409
90245,25292242,14936872,2595250,4013513,3785740
90247,117442056,102522797,77562350,78037546,73136518
90248,39431043,26498707,25401131,22324613,25891279
90249,65371737,47160704,37623594,37958704,40722171
90250,194114498,140022790,127465696,121179281,125679790
90254,48568392,11291595,9727877,9080750,8927453
90255,527641642,425953746,373807599,355605503,339379040
90260,67391533,50178269,47607594,45048545,45939948
90262,417857302,341409399,311247182,289513932,269245699
90265,5015319484,3931158397,3333174729,2538757472,1540429888
90266,80669435,39275157,28544099,21650679,18521171
90270,151563484,126083453,118090619,110280672,100993528
90272,3192861347,1470176225,1120456423,810829892,444637386
90274,282673939,152182537,77672161,59741194,48082263
90275,256313042,103596842,77393568,67164828,57709853
90277,47361049,20141506,15906220,14628735,12915639
90278,55632151,28461083,15195522,10226142,11878419
90280,588580735,446012372,411152732,376004882,349561651
90290,2591139501,2419275314,2145830711,1888148513,1509413953
90291,124085611,80697622,54842699,58891915,55897845
90292,41000695,9034393,9830999,9493921,8910599
90293,37955476,8342895,4136867,5101747,4665057
90301,174085637,138221356,115929816,108439416,103761172
90302,119747290,96787081,84976842,82348687,81297736
90303,145958009,98775078,84314884,82116242,75884187
90304,147667468,112515332,97134917,95227952,91844111
90305,77835608,57093108,56425411,53944847,54530782
90401,12412828,10533470,474000,1511667,2319271
90402,198190964,73881609,38660984,33565770,24496352
90403,49430481,22232778,22167745,23131800,12265503
90404,44023811,22457167,14407844,14554600,11168331
90405,65306673,53091105,26801805,26353230,24736626
90501,57943220,43597637,39539549,38628579,33107045
90502,30137398,21673106,20934494,11685734,12105929
90503,53013122,14588325,11642126,10489446,11304900
90504,25170318,13137459,8313069,10084147,12270332
90505,57525667,18202139,16523506,12697112,10673247
90601,312873689,213686372,161690744,137043741,128345471
90602,138657023,100577647,88696759,79691823,69968924
90603,65251483,35587152,26231079,26093086,18139528
90604,59000719,52533835,43727731,42488644,37092482
90605,168995428,145429503,130708017,125211027,113884343
90606,106530455,102727668,86298869,82036855,81351936
90620,57956775,22713594,9419550,11685559,15332057
90621,56258268,23956560,15277437,12998967,15292578
90623,30696989,5236042,3636120,3399982,3219715
90630,35340814,17136474,11858884,12104084,12014331
90631,552621420,344379417,263594104,222797824,149225159
90638,77923065,46359729,33566972,31015108,32473908
90640,237822153,163262253,138532971,133751423,128235255
90650,262049040,183116425,166993186,150962384,151626057
90660,216407497,194613764,163475495,168569070,157511612
90670,66474695,24384542,17422912,17354942,16884385
90680,15714000,6676604,5664554,4711616,2781828
90701,36447854,24392838,26646447,22848645,21536945
90703,83623632,35851544,24968579,28874686,30229863
90704,409697158,318355462,238268188,131088605,86452744
90706,141675787,101640003,90532425,88378713,84750232
90710,68000342,32145667,26270616,25920560,23369937
90712,51789055,25157483,15985670,17137763,19388722
90713,17345492,14230071,13535495,13747293,12032731
90715,40418423,33253872,25898454,27925795,26271315
90716,34114432,31861436,28766807,29151148,29636435
90717,34815519,25220842,24502709,20036491,21079376
90720,14442804,6204510,2493926,1858613,4535658
90723,151299583,111425982,98151155,90912015,87785626
90731,147346489,109335354,85464723,80676966,83841487
90732,33314473,13898535,12164976,12090337,14313759
90740,7244595,5436258,6754583,5824069,5323293
90742,9213350,3150000,3150000,3000000,3000000
90743,3438474,1041335,492748,0,0
90744,175534130,146228768,128658634,125963221,119547276
90745,114131213,72512963,62523359,62531063,65079306
90746,157891544,93702546,82604283,77362225,69804629
90755,31133245,14197971,10526044,9239555,11828539
90802,66431861,46203483,33416397,29018911,28108030
90803,62704003,23115561,19648767,12751679,11842262
90804,92188068,60056837,45272921,37391516,37136582
90805,258394242,204607082,179038901,168671554,176006861
90806,131899654,106877680,92588335,86831171,76092836
90807,76201983,35878476,33153051,30471787,29418673
90808,27404738,13326395,8650012,7918716,5969547
90810,101756837,80678525,73713216,71594599,69665414
90813,176711234,134149510,105104300,99179853,92660163
90814,54564569,34333005,17914759,17957962,22895474
90815,18373733,9129695,12784876,12564518,10458114
91001,949313983,645109130,504548851,452022247,419783494
91006,452049724,214103533,144971802,141721841,127507980
91007,219095320,100718295,68391805,59770756,52460351
91008,228084754,163126436,136561952,127764082,101807634
91010,200235309,97044714,77780274,72677341,75492375
91011,1426634112,717320317,532443724,441868116,379204704
91016,483827618,303196917,216960630,206439654,197719163
91020,67165410,24307518,16991885,12379523,10468189
91024,399994996,269595576,225174518,213428597,212230829
91030,218161884,125986597,88303998,81365708,80234357
91040,635109148,397688740,298335751,270752893,236930453
91042,839210690,581295711,439590395,404823008,383320186
91101,33806276,33302114,22235401,17442958,20327581
91103,358929888,285267355,224396088,183753770,162588578
91104,203319265,118591953,102525435,93282678,94451803
91105,430027350,338224145,252417854,175824806,127744763
91106,69545095,39136691,31071619,25083992,25891819
91107,572128745,288537715,225894490,215237884,182524395
91108,156670906,76953917,73817426,56385187,55784795
91201,185292421,85404863,64598533,61898358,61351010
91202,341372456,170947163,133094868,116955839,110645425
91203,43369105,17293942,11647504,12852531,12828479
91204,38837124,26483025,20495564,18477300,18953687
91205,88816571,62609704,49097675,41707842,43121881
91206,825964488,663978385,542500476,484449050,436821489
91207,430796309,208870535,166138226,135073812,118117640
91208,958149798,542700181,412768921,364202871,358886767
91214,733289259,336354685,219700162,178462705,184259839
91301,1945171244,992195002,717378857,568116970,372177916
91302,3896822143,1920395378,1455381382,1141302351,765894346
91303,56158913,40026942,33799573,31792401,27481367
91304,683198469,321657917,244424184,207776401,167572234
91306,172837691,103594479,81631199,73704995,73205791
91307,1011010596,620010512,460884435,263268467,207705718
91311,804150288,363126401,275693990,226432539,171495218
91316,949872424,318610417,224769967,179104612,97111838
91320,963926369,313367369,176241353,125410670,91196679
91321,875296960,387561966,234381740,174744201,123051253
91324,97683092,57715187,39507045,39281333,38397204
91325,157683055,94750680,78024880,63991556,51797227
91326,899561125,344454597,165960427,146883714,110721602
91330,0,0,0,0,570000
91331,544825145,408488583,344751011,316539046,312065174
91335,293847162,193393025,157900985,145729799,142838017
91340,219373244,142993263,117361249,110557325,110174581
91342,1174602115,723219729,492907728,434394906,361974107
91343,205509650,148682522,109426916,101607735,95760246
91344,591958947,298248152,233781601,198352985,190330674
91345,101097420,57402644,45229334,43142609,43235744
91350,687553815,312656397,203269365,164813038,108038979
91351,417238645,161911672,88685386,81209298,60647906
91352,497804749,354629880,288291428,254260434,244899476
91354,490379686,110096517,51918900,37180003,29478704
91355,388530765,101949458,26631044,11823794,10528049
91356,1499802436,504033429,373738685,312200385,208635373
91360,492053836,163494907,94641526,78124523,58465613
91361,1691974386,713455882,620466122,473520694,249756696
91362,1488993035,466478479,278035174,190402669,109463102
91364,1295042081,531254157,368058476,321699021,229989357
91367,393855787,142339703,108219710,92579668,83388801
91377,530085619,144368404,82724601,73171773,48795474
91381,778750383,262317202,160196618,98865294,75267790
91384,1623004357,991567710,751934251,424224045,293126822
91387,1713465549,801342718,505226266,405993487,256345988
91390,1291532659,750314916,601119741,471273757,342472276
91401,135366854,81409722,56013074,57540786,56576573
91402,171069996,111025066,99113848,91692591,89943603
91403,959860582,661949483,493797491,367377713,260528683
91405,118186859,97975779,70140554,62797097,65882359
91406,153806007,92168511,84635703,83912732,77273725
91411,51154600,26969218,25066906,26787099,22418527
91423,1141388852,887536196,708409123,517184552,339832467
91436,1315345613,524706630,346833321,263078655,131131038
91501,286858093,138258328,132438892,121135314,109436701
91502,9744260,7731486,7025353,4080637,4731588
91504,327942091,155867911,112197590,100357689,89867917
91505,70791049,38761409,34199493,33852706,31633616
91506,48614840,32133934,23143553,20095724,19755288
91601,103999684,70802058,53585121,56432815,53637610
91602,59178227,29753028,14545091,10283271,11020024
91604,1355243639,980924427,817900917,626883473,389958638
91605,217276941,167511323,129579973,125329922,125232996
91606,147368796,113023612,105459779,108619494,92846411
91607,65074865,21545320,21049520,18008679,18350537
91701,191152106,88116163,52180727,36172405,29107830
91702,311555720,190717222,142140484,138003502,123661596
91706,289721810,231561584,192661138,178708309,181023865
91708,28264885,6324605,4551065,4583492,3756961
91709,1934870702,1047912414,722158522,568285442,391948535
91710,142196213,71879685,45285652,45165775,36062833
91711,375163995,186324086,136591694,109699087,88167775
91722,92169545,67620852,49554186,47431977,48176880
91723,38203117,22181214,22360816,12511761,14217755
91724,162790576,122432965,95554949,86523270,80535244
91730,51753553,19493164,15247308,14046691,15160548
91731,112780768,72910014,62767948,58453122,57460460
91732,182133221,127847046,109902922,98971324,99005931
91733,159281591,124372184,92716878,93866168,82422046
91737,358682617,190838772,144469286,112128008,93824793
91739,361840148,170529629,93278079,78151784,53287628
91740,77162741,40624281,32936067,25407491,26808789
91741,624128307,357065350,269029928,224896980,182458622
91744,373312458,276047373,244236907,239199905,226990196
91745,579662304,333082354,273202687,230837654,204132236
91746,164938771,118115573,96710557,91184252,84601902
91748,429230280,195844537,132522869,115264959,92330349
91750,525428032,219073037,144958576,106935086,86214803
91752,161598397,59204892,36665747,32463277,27662923
91754,116982227,67590369,43440786,40422089,36692873
91755,65505863,39966875,27918227,27058667,23858345
91759,94683556,78897405,66013849,51748177,49452348
91761,156015006,60347814,42117858,29791582,34138830
91762,156566333,57678796,34958234,34582022,28806127
91763,88108062,38429092,22431710,19613712,17969949
91764,101923664,57584922,36953251,33767955,28288861
91765,1167413681,668393516,514412073,432065621,308063542
91766,307152232,172712614,143413956,139900699,136790518
91767,138800034,97573858,87506037,81400093,82531199
91768,122712794,99091486,80330091,72433927,70069974
91770,181907673,127188371,95697961,95649207,89827869
91773,421482858,243127940,154148529,125926098,114505288
91775,66675112,35276388,25070516,22712187,25014196
91776,137388931,67680365,51519859,45962973,51114993
91780,114484491,51788346,38836469,39374849,38524994
91784,281228774,149140293,104293850,80863293,59985229
91786,77825160,28824096,19905190,16745796,15512123
91789,430993269,201715258,153800834,130525768,126421210
91790,114549272,73044391,70019312,69278696,69656595
91791,198504314,93709283,76251891,63797053,68745026
91792,68607913,35903292,28545106,29489002,32504128
91801,129601329,87528987,67957466,68218349,67170134
91803,121329097,77920967,63862986,56860502,54540355
91901,2811193404,2290487248,1672581666,1048910247,767574081
91902,93528621,36147554,20298836,15695925,22824868
91905,100772426,64319635,46191220,37017207,24738863
91906,259574675,178594307,120145099,69812842,51655780
91910,108810854,33404925,14549703,14924394,9866523
91911,83072384,31343577,8797581,8392690,7058652
91913,122444658,30583713,9772039,7567189,3679125
91914,373964100,112219054,49457337,28227564,17640020
91915,131852510,22472208,9903064,5596402,5002560
91916,315397979,280425660,231495879,163080203,127963690
91917,52000824,43241471,36261604,31194602,23999689
91931,39287094,0,0,0,0
91932,20685917,11509562,5313527,5047694,2124424
91934,15812926,10847959,9112979,6960495,4644756
91935,1545063035,1210985655,935795569,655294238,510397294
91941,106029048,33082778,23471449,12263643,10022281
91942,44345252,3460249,3443527,2442778,2909498
91945,34344062,16926928,6318149,7280913,7093672
91950,49005820,14685967,12468423,12285098,13033549
91962,311909793,261368270,204778820,168632402,141425235
91963,46338656,39136228,29109955,21557853,16114655
91977,262126909,71460258,39330266,29616762,22214321
91978,248557701,139096177,86305092,55984081,50483345
91980,6640596,2757475,3106024,3582676,3884231
92003,438872352,233848037,129372241,51220444,20683447
92004,29163677,15607639,12852445,8457203,5316982
92007,36339039,5929565,3140850,260000,1795628
92008,100580782,27868824,24943782,16643187,8086351
92009,716103863,178868081,85401701,60532164,38962247
92010,99164674,24916357,8649476,6034765,2810801
92011,129361521,16066946,9795344,10742945,2562402
92014,211976006,73750952,39701216,20406254,12216540
92019,1183351592,559647872,327487929,200197674,127780193
92020,100824121,22654171,16432855,11999159,7229457
92021,972281442,488244921,259177949,140254105,92528962
92024,548646867,179121407,117104602,86030893,33979981
92025,445721436,228901576,148649214,90182586,49950362
92026,1936939690,1206974032,797744557,433318138,293998994
92027,758580452,351360818,190796391,145052303,71908699
92028,3079392764,1785826859,919496916,484988151,311101531
92029,882459955,545832486,414209353,339909851,173026310
92036,796191080,688564577,547567270,419381636,301526112
92037,363096365,160476362,112060156,83117284,46624236
92040,865773737,447281903,276047849,163056167,136680168
92054,80012193,24048990,4846480,5026537,4875312
92055,776250,0,0,0,0
92056,175145686,27630867,10458528,6834825,5054343
92057,365097889,111692447,42616165,15353687,7867756
92058,140019292,23077283,15135490,5706316,4556906
92059,87547356,83513242,63960322,104742915,78241786
92060,95803489,77163003,60589821,0,0
92061,268444627,193349864,100318691,37516745,23828210
92064,1401678730,675970509,393415748,294042073,177957066
92065,3014545622,2152774025,1540451472,1110399610,808276098
92066,19003798,16907184,15127747,11549772,9955240
92067,1134648442,587111204,440062371,365093442,88666332
92069,473728813,189205781,144091243,118065581,82280092
92070,117343357,111872900,96392025,60951417,31850341
92071,448828711,135085049,56582091,31141635,16735533
92075,98516009,15276525,3980271,3741923,1041980
92078,988811111,409565953,263574234,177579413,127382834
92081,83559505,26447498,14430727,9692995,5286547
92082,2456364806,1644518817,935619919,370982337,251725472
92083,48699878,19961334,8981375,7453073,5371705
92084,970441490,598377695,428421770,315540830,150046463
92086,184223433,162318353,147345345,116440082,81704233
92091,216699559,134452098,108064280,75317039,35401990
92101,54439403,37966745,10176115,9404033,7716414
92102,103851161,69406543,62426632,65496782,60650163
92103,136537386,70805844,37738486,28435765,25528956
92104,68893793,40163562,23674538,18077242,18762859
92105,165620437,56225242,47509008,50073463,47376312
92106,31841382,7644731,8953098,5931164,4573659
92107,44807087,22304267,19129826,13917800,13526034
92108,22165399,786256,819116,429371,317500
92109,58015620,34402757,11959220,10512492,10888940
92110,25936263,11115086,7069448,8009755,7881132
92111,94976482,17168859,11529069,12025433,11543683
92113,120372567,88515249,74235023,72099280,72638056
92114,89371927,40579922,32020662,31413010,33317392
92115,169477533,45841625,24669502,18676409,17499701
92116,152164010,61216540,34391471,27146320,21889038
92117,131098670,37287667,16967208,13487716,13749145
92118,28704780,7619858,5814498,3253187,4024171
92119,217666180,57920887,24509653,19078265,11998168
92120,223466212,81665127,48365508,41590441,31842807
92121,91467851,39818697,15780479,7622365,5926117
92122,60976672,14094397,7117919,8561592,5661087
92123,47025401,19476673,6405818,6113898,4614627
92124,262092486,77420765,27108286,29406284,18600369
92126,348914815,91114395,46772854,32674007,22602991
92127,1080494432,285592727,130016302,65437771,31164087
92128,381502460,128836730,66955354,60533197,28600491
92129,829437834,283344546,187145651,166895160,60541723
92130,973477282,280177469,159569616,125102862,52428893
92131,1221532596,625557889,451319344,347064163,279077501
92139,26429346,13866526,11021757,8203251,8321611
92147,300000,0,0,0,0
92154,156669158,42730414,25518328,18195231,12677954
92173,37099209,21929248,8108253,5559641,4687585
92201,48297211,14307975,10097617,10803338,9166252
92203,33811277,8676906,7302255,4794444,5253413
92210,51605899,12079064,5307066,2605380,4354072
92211,30494474,2739879,1559740,1294450,1322691
92220,499357426,238516002,147899409,81932766,70034652
92223,1068017406,491802109,298717391,193865202,129337034
92225,35071773,12570889,5667102,4507343,3672376
92227,41546185,15042355,10870424,9287310,6060599
92230,36995283,19563601,12474242,3825230,2777034
92231,60057458,32504243,24524481,22453924,24338012
92233,4112403,1619908,1473391,331466,565953
92234,83745803,16965317,9201577,9328614,11177790
92236,24506701,6206396,6486747,6874983,7004459
92239,1895158,421600,0,0,0
92240,105594609,29590917,18142393,15286351,13421867
92241,52153912,16684024,8660516,5961681,5317220
92242,12602712,2201869,1300010,1496857,1022625
92243,88286982,45496829,31885049,25056204,21461451
92249,4063533,2139606,506296,840812,1271006
92250,8882862,3715941,2289329,5989087,1672222
92251,17380886,7478820,6545262,6976042,6221921
92252,111197767,43923967,24720758,16443562,14573330
92253,89431764,24116197,14095257,9116657,9536198
92254,6237007,3067264,1931198,1144355,1136560
92256,76466118,35881126,18122668,14676234,11251060
92257,4256883,2259706,854105,809127,780468
92258,3796489,576739,540617,512075,487183
92259,389574,366643,809680,772239,741243
92260,84160372,18598966,13840389,6532173,4954314
92262,109786786,38109324,17592540,9125500,7510343
92264,146633617,36191370,19464244,9428094,9295046
92266,1244730,0,0,0,0
92267,4578517,274724,70064,66500,0
92268,48780645,39002789,18763668,0,0
92270,121560295,33736621,17423753,12865949,10756225
92273,3775682,0,0,0,0
92274,36362943,14132349,8142343,7050381,3850678
92275,569611,0,0,0,0
92276,23471432,7289404,3108221,3487679,2493435
92277,76593285,28234009,16101929,16142128,9277523
92280,930020,247500,154773,147400,265970
92281,1589527,1061803,608862,554086,523133
92282,37559856,25768238,20051200,13532324,9796466
92283,3449202,2175970,1444843,1379714,1521151
92284,239919475,95888223,26573643,40859361,29277765
92285,30427444,23077259,16544763,14389974,13706693
92301,228266541,65846636,35302715,28429569,24909462
92304,502500,0,0,0,48986
92305,179137498,162102840,145957461,126759303,103239568
92307,210440837,50499958,25932323,21194329,24925035
92308,210638808,53476465,33595497,22716394,18715519
92309,1638164,1639456,243000,0,0
92311,78387627,33854011,18762875,15753902,16757535
92313,127502297,41029543,22131913,20219447,12995036
92314,3035435908,2668034769,2230605915,1535611820,1185309569
92315,3990845147,3553720151,2943783379,2141778158,1535919086
92316,128640705,63707662,48280356,42546337,37662929
92317,119027068,95651542,79742570,60403004,46826580
92318,1744800,0,0,308750,0
92320,403482721,218271810,106666627,64891968,42266402
92321,176498504,165362050,139402913,129117334,89377036
92322,275915003,273378148,250500334,222799587,156392548
92324,521012434,259895164,161725039,123924684,87569300
92325,2436847187,2285261906,2044598819,1715518203,1304274224
92327,1329553,949400,0,0,195480
92332,2400000,0,0,0,0
92333,418047201,368647442,307349787,225523450,184317773
92335,234645546,128986432,95437313,90512449,88249181
92336,496064969,162432744,103334309,91766360,80146944
92337,203679742,87710738,52094114,48953821,40891374
92338,406000,0,0,0,0
92339,261819067,227113496,198293991,159909565,128541194
92341,340920302,300539416,257586861,204404049,163136897
92342,31206484,8908597,5836372,5105882,3880119
92344,609506902,365352495,242364623,158304316,89131654
92345,435818561,148828840,91737672,71304533,58581669
92346,558814490,230367981,131458656,85677887,66237383
92347,4634823,1684771,942925,417683,395289
92352,6310833083,5819105250,5151007010,4063631851,2920489122
92354,212019940,57342503,26747785,23998795,18261479
92356,49131323,25886382,20528056,15941341,10803873
92358,120073153,105320684,81164432,71209397,59761172
92359,197322646,109194026,72622726,43752777,27862608
92363,17930544,9580360,2753517,2562371,2078025
92364,1199169,1890621,1128137,685746,655216
92365,16684914,9618498,6855429,4599758,4161980
92368,6374786,1641788,1043411,1261367,439057
92371,517782090,271801975,145183475,92514357,58396848
92372,239089410,129426265,75693423,37156978,22069987
92373,1048314062,649256601,426945399,280991823,198230412
92374,250074085,95330098,63432410,35423234,25483393
92376,210333073,114654247,91646269,79749408,78655110
92377,115431328,40465231,22577915,20536892,16851346
92378,108641395,91290473,75799017,57947975,42387880
92382,1602242125,1428566268,1214754492,952688050,794610572
92385,119672033,93903451,83339397,67826011,46948164
92386,765154724,619570862,533090606,397171602,322070887
92389,422750,0,0,0,0
92391,607903571,523813931,460835803,389771807,283967282
92392,312867548,85134307,42922115,38986992,33160397
92394,136159519,40511667,26548273,24253053,25611099
92395,143765996,46982006,38008592,33147408,24953876
92397,971102085,835949704,618004107,394343252,272546858
92398,4502630,1551599,745139,826669,581959
92399,1703650891,1115592227,771431056,517101401,354481559
92401,19858097,16311690,5829947,5451153,4469886
92404,443976073,231986003,134440967,130477100,112930427
92405,184403227,99126856,81703171,69998267,71893340
92407,793117323,401105277,268596091,229085404,192435182
92408,55021676,21196346,17947763,18038247,18482814
92410,178503460,107454814,96853200,95662096,87354849
92411,109330563,72379517,66537535,58859838,57543876
92501,89678697,36961263,19170964,15486641,11335285
92503,836363998,268361924,145029952,111474280,68142097
92504,300734424,98324131,54398791,37862506,28161674
92505,173669174,54973390,24578783,23158668,19701798
92506,486545008,116171458,52964488,34652626,24677092
92507,357716665,131163293,57136340,39992997,27941224
92508,226212535,46564816,16630788,11041395,12596583
92509,388695616,165304271,120117905,86360231,71484583
92518,3911960,618750,0,3016200,0
92530,1240394157,613266351,357621602,248994461,166280921
92532,774488115,310499818,181454461,137059434,61925307
92536,275428356,185511328,145827750,94381178,56113248
92539,281833762,200296602,157407389,104286536,66757901
92543,203137998,62629979,38735574,29923288,25953522
92544,797011850,417838900,285464249,212997968,150569789
92545,376600734,126861607,76696625,61495606,33682747
92548,153153995,63985673,43125854,31160036,15886175
92549,1907346296,1716710214,1468735368,1060622067,824159780
92551,165719221,41321669,25783272,25311200,24917322
92553,261344986,74732606,57285924,44550156,38451451
92555,686081217,189320930,84142503,61560699,47825950
92557,575791335,215553102,109167111,75790337,52571951
92561,387229144,261115501,192901152,127152367,86661379
92562,2503034190,1559088627,1047010595,666822304,401808929
92563,603029153,167851046,82735456,66194962,36729131
92567,182129595,89762877,54481884,37701279,18724321
92570,1188639416,608983599,375937477,234130719,147368301
92571,287746696,105964552,70877481,62273406,53769763
92582,179320322,62541314,43047327,20705758,14874973
92583,196572705,62568691,34700746,26441891,19221650
92584,479152344,154275136,88431184,53660776,26798633
92585,193746166,48634831,26981757,19297056,10207557
92586,139236302,19641914,9907787,5409709,5195775
92587,487263174,131791637,51282785,43363591,26012976
92590,755322770,579094502,395921421,207611055,130484927
92591,171211095,62258365,53657902,22489130,9275861
92592,1546521817,791227298,552575005,264009015,127196046
92595,859026012,390105872,159971937,125287149,70818152
92596,301902093,80121547,41049978,24494001,14643068
92602,176906204,48191328,24817263,25253545,8458205
92603,300480282,76417438,42284308,37810989,21945423
92604,36134552,12760320,4076873,585390,549662
92606,14586738,2315202,3392853,812550,2169211
92610,263326322,89048788,47803972,27731264,10687277
92612,18628694,1925750,1171100,0,0
92614,20149149,3846560,2666705,1000674,952341
92617,2517255,10000,10000,0,0
92618,344223876,83489038,22837535,18352415,4736254
92620,158650474,44100643,15968448,12873434,8681358
92624,18487997,9190887,1421714,1935728,1081752
92625,64144141,20979138,8489476,6813038,7136366
92626,27271019,5489033,3065283,2136157,3864343
92627,47682659,11667560,6483888,5839466,6515553
92629,77911431,42401903,18360769,12320096,7140020
92630,223381392,55616786,20783061,16335742,15504311
92637,13260029,2126151,314218,432575,275000
92646,40660062,13439337,10466746,7231780,3019615
92647,31581008,9061906,5871478,5742765,3990645
92648,51007498,7804514,8208681,8022943,9486520
92649,56490376,15325896,13061690,7538160,5596718
92651,1617305998,937872402,672879520,459623934,310919002
92653,105083140,27645730,16416587,14343453,18224559
92655,8622663,1478687,275453,262845,159397
92656,259786040,77131778,32471617,28964911,22377407
92657,578135297,271430023,214134122,182660932,94579881
92660,140616827,49818212,29486707,11927495,9740662
92661,42606123,3656868,4794574,4514104,2697572
92662,5454268,2322111,414335,386889,365400
92663,39053861,13069581,9912034,8713491,8576643
92672,398036311,124299324,51432661,37217932,25743087
92673,756503047,193154770,71696401,40199747,30694898
92675,538363813,165454531,86323151,71146083,50190251
92676,557710621,518584958,456468453,392353307,297455337
92677,654049654,235093164,151310673,121384535,78410226
92679,3615018976,2193155583,1534190188,1052634308,444836914
92683,132459692,26518395,9914300,4718561,5060902
92688,607681028,155938412,48548523,40113061,28933356
92691,66438261,15497595,10253849,11397491,11765504
92692,183538879,47820940,23936788,28670621,22519847
92694,616068418,134474200,49400216,22956652,11030242
92701,72462647,35540391,30035202,27269274,29875324
92703,77896433,39291698,34297383,33389520,30330802
92704,116967609,55932879,31325162,29388423,28031467
92705,242504118,108297093,65618887,55792014,18026078
92706,35373905,15201828,5987155,2927842,3496264
92707,72309972,41825412,37825115,33597403,28318511
92708,76272688,16013193,9688616,8489029,7947833
92780,32418824,5055791,1324623,5770869,5336206
92782,86147964,28557173,13669564,10960538,4548249
92801,60005665,19466438,10841513,10030562,10524827
92802,27506691,8059786,8294654,6623800,7117956
92804,70093323,21521615,9971495,9021671,9285408
92805,76625247,34019848,15997761,13926404,11024651
92806,27883190,4980209,3105158,2407808,3299576
92807,374925660,146536989,89773276,75212147,41213120
92808,407439436,110103690,55285197,32447956,15515852
92821,286234021,114711370,74872611,57668081,40239506
92823,122219455,59851813,46685150,38854284,25281927
92831,41023794,20939375,9613509,9404362,7999170
92832,18855345,8711872,3925307,4973472,5409411
92833,74089080,30928997,16589800,14016381,12455171
92835,44206819,22497152,10726029,12877856,12115448
92840,43326799,8172359,3147637,3595771,3903060
92841,49933375,10297789,2868784,4418126,1233627
92843,33005818,8287727,5238067,5364793,5275726
92844,22380003,6191562,1185378,331659,315170
92845,5644343,390000,483400,0,0
92860,198646599,51171071,21716973,19247541,24513776
92861,26524137,8557613,6107160,2655579,801525
92865,12445249,4556925,4280800,3535008,2795354
92866,10790416,2896909,609015,2051018,1917997
92867,176983565,45982947,16344162,10359263,6991993
92868,14629106,5233779,4163696,3174262,5409295
92869,144846886,48480768,32778097,25275821,16790375
92870,44788464,23893693,13973517,7586739,8302331
92879,184673190,63186042,40205949,31290848,27908615
92880,481728748,127451087,64036527,54146960,43510439
92881,487432772,160011880,73956248,62624443,32634821
92882,1284141034,584406226,294892980,200802602,132579567
92883,1483556664,590096628,238299510,143891141,61707708
92886,645546252,172775065,107857767,100230207,51694479
92887,776831060,430580692,308187640,270416869,120440490
93001,495142262,321328468,228908683,152840503,81081041
93003,352754327,123312407,67761130,52543131,22642108
93004,53053201,24800703,19178699,9568431,1185680
93010,178840749,57063831,44847715,38502413,15132282
93012,532913130,272061538,196737314,137390644,69858152
93013,391124668,278959517,212982764,128805781,44553081
93015,198099710,141438998,115729626,54561700,30734540
93021,643704969,322022791,201617608,145098859,69239576
93022,253607355,98851564,56198220,26226463,14372007
93023,1744205773,1159882489,816636277,428510131,144902857
93030,28795401,13096254,11788567,10942490,7722418
93033,79356497,26748726,19902632,17962162,9601058
93035,39241868,15260569,12467756,10669015,8368014
93036,40296762,20281838,9196226,10063831,5491399
93040,20746295,12175412,9841000,4686138,3509512
93041,17561148,5891794,3240115,1754555,1370184
93060,478603036,313040738,238596621,154357757,50738021
93063,858754147,385458717,288994859,236695355,179826424
93065,1220285744,479257611,279309434,202505456,127922672
93066,205254142,136882190,90993480,79005820,12567313
93067,87525179,35022685,10971016,9355920,437169
93101,144543450,37916506,14597672,12508768,9253300
93103,791062305,509627940,361782829,207140683,129463107
93105,1884588578,1292460970,1080502980,805269400,467278136
93108,2800617417,2062201507,1542726865,971133720,484631806
93109,62880569,29417870,12395977,14621242,9480498
93110,296334271,91392811,65137961,36955941,19895052
93111,384010220,139535258,108852177,74769331,47614065
93117,432331132,279316016,240413112,177244351,118239709
93201,2922804,0,0,0,0
93202,1446614,2022769,1346325,0,0
93203,31963895,10673151,6309882,4991036,3227207
93204,2232667,3182446,399917,380035,362200
93205,99585711,76104375,57796022,48015480,29883542
93206,5720218,1988200,1165430,415879,932443
93207,85038657,78511975,62802042,49549521,32112608
93208,24890218,0,0,0,0
93210,17539721,19376400,11872002,9638137,9587546
93212,7855463,5419073,5380731,3987429,4520044
93215,34147564,15399076,9322248,9397862,6997946
93218,1527685,0,0,0,0
93219,3505012,1936107,1357800,1738733,1362428
93221,27788041,3781415,2176143,1832400,938350
93222,527116456,426612440,371207823,322367223,251174697
93223,7139037,1677607,1556431,731157,700419
93224,826772,778500,0,0,0
93225,394077485,270764131,214582294,138128545,95926219
93226,24007156,20213723,13640805,12279260,7054078
93230,47944497,19281689,9371703,2636303,1567174
93234,462787,609996,563660,1380735,1892409
93235,1092447,276840,256395,240472,226188
93238,172112166,96156507,57947204,31290585,19019896
93239,749460,406608,1165074,362966,880826
93240,284203743,123806101,66229953,46235408,26057579
93241,11439115,3630866,3558542,3149106,2903172
93242,843300,269500,0,274793,258750
93243,90940029,67768907,34266464,21305658,17005800
93244,9180202,5769746,675000,0,0
93245,10597316,2842455,849801,268788,232500
93247,4635945,2697463,2240343,2623478,1276398
93249,1888318,784350,324486,602589,295700
93250,12875026,3074578,1649738,661025,4256641
93252,11301948,16587300,7496555,5873045,3456685
93254,11290708,15861096,6499103,4822639,4381505
93255,7730090,3892616,2250902,2712647,693570
93256,3181597,1888910,2616117,1460592,1088834
93257,97420381,33517562,21404143,17421167,11632136
93260,105509280,96324484,82896222,61912181,40829105
93262,3497768,6780831,5739376,2310030,1277635
93263,11337506,7527145,4376565,4338747,2504360
93265,336474390,276316659,211759271,172638279,145766437
93267,5356245,2578326,3548865,1747067,1756168
93268,37387123,10700882,8829459,7670701,8291068
93270,7864699,4510126,3055815,2337706,1630781
93271,427946476,335576381,157073361,92437671,36344648
93272,760968,271590,391195,240630,228750
93274,36559076,17388091,11605894,5821636,5120457
93276,266440,358793,58850,50000,0
93277,17146829,8486056,7522355,2106170,2368551
93280,10202007,6908224,1634036,1567603,1344406
93283,55385436,18871197,15130234,8239232,4917520
93285,252649227,223061409,192203886,156434931,121969238
93286,20212667,9988854,11644514,9231038,2895144
93287,8735892,7164109,6675687,6088052,667761
93291,43961075,11196320,8891252,2177411,787462
93292,20885952,5284160,4386130,3514268,1444394
93301,38190674,21551311,10420383,8189228,9510232
93304,107255835,51741282,31564542,32924163,29352083
93305,105136948,40930539,31268351,30534307,27337407
93306,134735385,36227004,19831594,18299980,17983475
93307,158000310,77147818,53844838,56290786,50580701
93308,144577512,53055305,21085106,18498639,17104610
93309,67855409,14746201,8719896,9409909,7820395
93311,29418237,7677567,3678401,3148712,1967629
93312,47140400,14164003,7563323,7652048,3537620
93313,46671627,17098537,7349400,7656195,5372777
93314,30747589,9224980,6740369,8260908,4185653
93401,280419381,161369640,100181800,70236255,51722816
93402,92994078,59973643,34692374,22658865,11622549
93405,212612593,112105659,58978426,54108472,27832545
93420,336975956,214776877,126528176,76013377,38443260
93422,542213359,266247458,157923515,79686207,54159033
93424,98586279,46831094,23535434,0,0
93426,314153451,262473812,239881912,179604831,142754205
93427,103525424,64394285,57949931,25718513,2366863
93428,271544055,183625351,125886346,68969732,37973269
93429,2774960,2325612,2262500,2070000,1500000
93430,40575448,22198316,16390710,12111041,8556302
93432,62428051,47505962,42402179,37200531,16379711
93433,7436709,5592779,1384342,319634,305316
93434,10073474,4097207,3902322,3846487,4223356
93435,1512200,2915000,1500000,1500000,1500000
93436,276183334,148723200,91704340,63540324,23989185
93437,0,1218750,1218750,0,0
93440,53163928,46232215,28925593,18936201,7581970
93441,92962835,94317993,85367252,39353622,11210862
93442,37316615,20100997,14168219,6362984,4363750
93444,63254146,34674478,26117570,19267159,9528187
93445,12607465,4124318,616000,616000,805930
93446,483165632,292940822,190342203,96195474,59532784
93449,143112458,54082520,27282571,13858916,11462367
93450,9969048,8906746,6686290,7974445,0
93451,64049780,44507187,34099171,19264234,8593947
93452,38272075,19303778,17966300,9413825,7366852
93453,111320326,103820648,84133084,68258533,40302710
93454,106344967,69343709,55305678,32840843,24117194
93455,107513978,48014880,22252834,11914174,2758018
93458,36069430,4850000,2797905,2707173,2631744
93460,340476771,293329437,223025521,114299716,57581379
93461,3224335,3088862,2933005,2769664,853437
93463,179438629,101208728,49316084,26824450,8330352
93465,116574196,76668324,47092450,22565533,7615873
93501,30573806,12459468,9082297,8412159,7286785
93505,45425347,12241803,5310111,4786925,4958490
93510,686300020,365997906,218099281,123622683,89601202
93512,1602700,1733713,1478242,1362896,1290515
93513,9808245,4034563,461998,494540,788577
93514,127030378,53654552,25783275,14068849,9910997
93516,9092456,801912,3342243,1376446,1217571
93517,75331217,50322403,28142637,16408462,9997105
93518,90450812,74579017,49021513,36892739,18693821
93523,5937461,2045411,931213,756587,1088682
93526,2753700,1175029,1289267,1885723,738352
93527,20385881,10392831,9240258,6468621,5542924
93528,1214517,756517,711975,676753,410259
93529,268522177,213899771,154341736,106801248,89713435
93531,102103145,68268731,59046469,67700185,52111623
93532,325707474,247389387,197392774,140385565,86699153
93534,119444566,51274695,25346171,26889321,21994538
93535,233824042,86451620,56153082,51112821,39893102
93536,241685689,92992892,55167098,50077009,39573261
93541,38812851,33078773,17669447,6473746,3893554
93543,108682778,52375270,25888305,23571220,23602814
93544,32311040,19477893,15460412,11102299,9750902
93545,15313600,8204883,7481121,5892941,3200714
93546,981870459,590039244,354713203,152615508,101058455
93549,1697700,0,0,0,0
93550,331233526,129183331,90661463,71864338,60102456
93551,690640031,334190435,197945215,144027163,100530032
93552,159248608,68028496,34850695,30075043,24840160
93553,44117732,22711314,8348180,7232854,5677336
93555,72067836,15675353,7364721,7497118,6351390
93558,1187114,0,0,0,0
93560,46366287,14140951,10434748,6283032,6223877
93561,1174649339,794421246,580780749,417692197,292318399
93562,6185613,3404206,2139337,2584526,2233894
93563,14394018,9578486,7419439,6434122,3161448
93591,33986794,15015856,8795868,7129849,7040551
93601,239921178,183764978,145581683,91819336,61904770
93602,368509825,318334478,289076560,246243349,231792677
93603,29030109,27349002,24802438,16458130,9890128
93604,513242521,414244248,342600307,182568852,114379839
93606,6397451,0,0,0,0
93608,220470,725746,370225,183930,358594
93609,5668652,3233133,3656271,2663053,2323428
93610,13397776,8055585,3689655,2466571,5364304
93611,13282394,4985344,3155149,2335115,2171682
93612,13542893,5270772,2037839,1245637,716613
93614,1044838425,751744826,572012205,330873870,220824103
93615,3915541,1951752,733469,1101457,663766
93616,1702673,579245,1000500,0,0
93618,6265127,2174362,2523526,1923904,678612
93619,297707393,188709832,105699293,44103870,33012895
93620,5884918,3188467,1492911,951180,3435000
93621,19001886,16946900,10793205,10420645,5717135
93622,25520448,8598989,3336379,1614419,1575902
93623,61155730,55073550,51232863,39104715,31356974
93624,574011,0,0,0,0
93625,3316477,434607,1458606,611550,357500
93626,151212928,83979013,60337143,32654172,22460782
93627,0,0,0,0,0
93628,78455863,69081171,46062421,31211809,23382599
93630,13808961,12922416,10449590,2966394,799408
93631,3534515,2806315,2325478,4099430,1412179
93633,42445244,37491833,31221214,16753276,12669084
93634,89238449,78433396,75490073,0,0
93635,15636008,7000657,8382180,1916705,1534228
93636,57812983,26584951,8744931,7687352,1358863
93637,29011847,12608397,10599919,5564858,2828284
93638,43923929,27508007,10961324,5380006,4624970
93640,30788578,2899963,1436607,2128495,1291323
93641,30793684,29841879,21356240,16733901,11596562
93643,429879433,402744953,355849244,281328680,237249614
93644,993620381,673190599,540522531,352499170,263711612
93645,31162365,20151185,18917277,12265041,12136100
93646,4613258,3555252,4517538,3010109,2750584
93647,11534766,6275663,5410886,3961899,1976708
93648,1225750,0,0,0,341900
93650,5774142,556503,657526,487293,1078044
93651,132872081,88814845,61426667,54358093,39125958
93652,0,0,84788,79980,76200
93653,61676734,50161141,40746192,33424344,15429499
93654,22306212,10437870,8340311,4200176,3496995
93656,4894568,2896671,2464156,2827007,2426595
93657,61103327,39868595,22694808,13841588,8344903
93660,2471473,1512166,154072,141610,132099
93662,9961546,3302355,2542663,1921502,1893501
93664,1413429431,1266299010,1120349435,1058521786,806399204
93667,165135447,154232263,115889930,81275636,56366776
93668,570200,204700,204700,204700,204700
93669,74078276,72966075,66873275,58057181,46428329
93675,169469026,134917749,75629709,28417403,12794792
93701,17674164,8301007,6350683,5574441,5223775
93702,40929377,23852741,18022269,14434619,15135205
93703,21604439,7605666,6854773,3456983,4583166
93704,14870003,5444545,5715577,6002648,4188214
93705,14339363,3398566,2617206,3252066,2937144
93706,51334156,24771051,16971414,11240618,12387464
93710,16728103,2627582,685765,944233,968466
93711,41653130,10059227,8571096,4246808,2989203
93720,17645631,2736750,171748,1086030,1408349
93721,43618838,11890668,7257509,985940,935056
93722,44454376,23929196,8351188,6844851,6718289
93723,6713663,9382261,2849829,3746877,3127590
93725,29255879,23142039,15947661,9552783,7502866
93726,33469196,11717744,4554060,4193591,2397913
93727,45164404,9393016,5950094,4823840,3973378
93728,27429044,11214336,13977642,11615996,7464602
93730,6808766,417885,958549,888836,1465625
93737,27609298,3227239,3139535,2504540,537690
93901,27711817,9166287,2932236,3206618,6894795
93905,11418250,4255020,2465359,1730446,1687356
93906,59575145,4446563,1379092,1328211,1978076
93907,484076943,355549114,229383321,81036614,51211194
93908,644197918,446227171,349707403,221104555,151115213
93920,232018511,195425776,154985940,112290359,70483748
93923,1763120761,1149993169,927628100,616034228,353238932
93924,1193782683,872478573,732989977,511376913,401630277
93925,28162472,24499624,18386687,7046555,1167500
93926,4503844,4152772,4169825,2823850,1472174
93927,54875991,51442213,46945842,17851853,11553491
93930,99272784,40459123,31841746,17657789,8273640
93932,5377564,4413643,5094279,4959425,1395514
93933,37686939,12378370,5315792,702562,1349605
93940,713124577,431995856,297562339,185983100,109615202
93950,32454562,6213870,2061971,470910,1256510
93953,227317503,123681592,104805881,59036644,33538234
93954,3348632,0,0,0,0
93955,11515967,4712628,1568100,0,0
93960,26919847,26295257,19228946,8408896,3928620
93962,1578000,0,0,0,0
94002,92837156,23913702,14581294,8141213,6015599
94005,30767474,17761915,14900533,5601203,3763164
94010,438410303,176030311,93682717,51935081,34990373
94014,80612972,18709952,7833798,7025449,5190493
94015,30363776,15344950,7420794,6747001,5726059
94018,16675743,0,0,0,0
94019,161294166,104429378,64065274,55343702,28191311
94020,115444191,99900242,78395337,50793024,32270517
94021,27741117,22069976,17930297,12197843,2320297
94022,542505497,224615223,159054423,85485710,53205312
94024,344113480,178133184,121058844,69663975,31429333
94025,88396439,25921109,14792747,10179401,5197443
94027,98440185,32934799,10308805,19621297,6912641
94028,451594653,229104624,131581213,95726317,57538736
94030,84098574,25918824,5551180,4216625,3093280
94037,28466582,22957238,12823117,9926075,4183516
94038,11005636,5604339,3480192,1311698,1505344
94040,49463809,6307522,1554996,1387842,1314576
94041,9497934,3760000,0,0,0
94043,11992064,1599859,535570,452384,424896
94044,236718736,110180949,76190588,62972812,43743658
94060,114553056,94394749,74148065,47258095,23412556
94061,42665162,6631623,2474336,450000,0
94062,724986110,493317179,315682583,151414992,88517363
94063,17432933,9149916,4565516,3616626,3108362
94065,2595775,159350,0,0,0
94066,95577595,13692883,2426087,1815670,3445100
94070,142757659,67705364,23134429,15839328,8913391
94074,25819261,21135197,13467140,8596083,10581610
94080,79640099,24525111,10722240,3325640,2588000
94085,9806700,252500,468800,0,0
94086,20897730,7012346,1512272,1868977,1324861
94087,17774725,6175182,2476779,2150119,1449222
94089,24589337,1132150,0,0,0
94102,182010845,118116757,73468746,66479942,45299359
94103,177779154,99265353,58131480,43950632,40447655
94105,8385045,5161250,1725000,1725000,0
94107,29460219,16195204,8491132,7923184,7334988
94108,50539824,21605254,9882680,6550507,3886802
94109,182059247,67906900,35706030,27459738,37212867
94110,224421921,97864694,76193445,68903976,68301584
94111,1134300,155000,2780000,155000,0
94112,187344277,32588602,21857953,23196869,18590260
94114,131263490,38423441,27114607,28146999,17872903
94115,75711585,41097091,16376688,17366093,17717966
94116,75311826,15154370,12137972,10015027,7818251
94117,136065549,78508584,47761400,48869508,41518758
94118,137662987,37705777,30487855,20237270,15618788
94121,113279687,22241764,14993839,13656868,5580338
94122,123809421,22721460,10340060,12688490,12388726
94123,113971313,41657455,36803321,15691348,15221164
94124,88979402,30222401,20941818,19456081,19125288
94127,91443518,8367047,4182896,3996603,5227473
94128,0,965000,0,0,0
94129,0,0,0,0,0
94130,1043405,966116,894552,824472,764816
94131,83069945,28455528,14131436,15610551,17077048
94132,31414719,6579873,7586603,6080020,2641967
94133,70066595,37621065,19609265,12867065,16909051
94134,75258571,8631920,8305836,9922031,9383413
94158,3589450,2666508,2770321,1055607,2646813
94301,52417891,19577772,13482270,10230288,5439986
94303,41059381,9115062,11570043,12565794,8741743
94304,27988846,10616248,7361413,7254571,1681800
94305,17050089,8100686,4976006,1883600,2829700
94306,31690662,7185190,885499,1635487,1249330
94401,56133318,16811039,7135810,7285926,8818772
94402,111572727,35232044,15574173,8312733,3211797
94403,38014254,13383870,2104150,630200,365000
94404,8916353,3570994,1618022,947500,996022
94501,124941175,65754416,53269731,47513971,43343917
94502,6880050,481983,470279,165000,165000
94503,37591120,11040230,10111000,6000882,1989000
94505,27489684,6510250,2772150,1232259,1179200
94506,1226146776,271241018,91710759,58679794,57589580
94507,942048747,223283430,103349526,61983966,36187442
94508,496546514,395705663,297920837,120703395,66077552
94509,86349328,31834701,13658621,13528745,12360414
94510,60294786,17079848,6672380,4987882,3306542
94511,22843800,17679843,12221418,0,0
94512,440500,452296,417803,358308,269000
94513,97758039,27197487,12684445,6911852,9949214
94514,4693135,1179677,2795743,2564611,2286765
94515,859567621,640508725,454804719,245517966,112825369
94517,229033567,84644525,46778832,6570314,3473576
94518,24269155,10056215,7568341,5292231,4948494
94519,9158002,3896212,4726979,4390307,4155108
94520,30839242,3961752,1605738,4173192,1420213
94521,62326011,18836788,5508677,2640780,1959650
94523,108338029,17216075,6985592,7147153,7365927
94525,58587054,19511327,6898826,9217356,6430698
94526,572036324,92962908,51012686,21171549,14869864
94528,133313892,30575169,16676356,11660000,7721000
94530,334730647,61805037,33620800,26481499,13379204
94531,69619593,10420265,4023721,4644924,4481448
94533,67289567,22324247,9028888,11329024,9353874
94534,335384607,162728584,61276803,23595780,16858175
94536,55209190,20667624,8123808,7051823,5085256
94538,71479544,18006385,2406677,1358996,1004964
94539,82376473,29769162,15629261,3712311,4096084
94541,112116416,36515350,34897320,29681175,23660794
94542,204488649,52857609,34908333,28540530,14825692
94544,64048607,8395226,5942361,5155708,5173433
94545,25661219,6728891,3839754,5544735,6657195
94546,139905536,33822630,13926999,13911934,10754201
94547,55408024,6564453,2174690,1032366,953327
94548,785000,65000,0,0,0
94549,1871932446,443907297,230315946,168359620,68688144
94550,66344316,48657670,29554408,16214824,12721208
94551,160120729,31305722,11659902,5334740,4612847
94552,440294200,195678048,120499314,71017122,49712778
94553,402269248,97996411,39157894,23403285,14994931
94555,14599287,2069814,1154945,1307357,946270
94556,522671241,84980822,33311974,26843796,14056073
94558,1230688886,918769086,659183522,302297670,166672696
94559,127285344,73399754,56228323,20535935,7039345
94560,8034584,1352944,2118128,1813772,2200791
94561,30229666,16103977,14261202,16887323,14907943
94563,2336131573,536647616,347392013,207185521,99290732
94564,70286069,14833270,3227046,3948224,3213603
94565,100425943,34060463,18107253,23847143,22679225
94566,375143595,53545555,21047835,11820533,10698579
94567,150144001,146765777,132846823,88194665,64487150
94568,131992902,22300854,8621366,4991591,1151468
94569,10223518,6750312,3636007,656794,909159
94571,11146752,1718686,923616,300497,712244
94572,12821129,6384374,4944167,7617163,7236034
94574,1217446703,1034490973,725659557,355617117,159225618
94576,36805352,28455005,26966226,13439225,10957483
94577,80709807,13423594,8455554,11957877,7737925
94578,33333000,5842195,7103907,5166994,4132542
94579,13317455,711601,661396,772874,915923
94580,11185859,2491044,3151040,2737906,2428037
94582,63900614,16723264,0,1362812,2295756
94583,304400300,105773816,52801910,34989462,13312329
94585,22528460,13012340,5938858,4682176,4779917
94586,99931501,49804561,39273595,22591151,18503524
94587,43663448,5380456,3127713,4631330,4083549
94588,246181326,76111261,43242037,12438868,5853350
94589,22908680,14020444,4534565,4897373,3524599
94590,57704841,43677790,19904246,18364477,17686527
94591,67768628,32317547,13432995,11180748,10721043
94592,4905460,0,0,0,0
94595,112071078,43766149,29294513,21637739,6126604
94596,73925284,17304691,11784865,12444263,6903254
94597,83187995,22884301,14380805,12668717,12848285
94598,79569783,33625748,12026875,13907671,12090438
94599,39616526,36398554,31634005,18035940,10700000
94601,278444403,90935874,69208611,66187619,62356362
94602,214431585,82553843,68783906,53998956,27870400
94603,46313420,33232753,31426395,30360050,32050326
94605,374205635,181529984,131676737,108152684,68754332
94606,144048577,42838192,38278119,32678105,31014020
94607,102616845,53521025,38235643,37724073,32768063
94608,116344411,55980064,42624152,37662772,39163812
94609,95220796,41561025,26107558,25357845,23672243
94610,122015659,40704563,24136769,11026773,11701877
94611,2840356879,1777098336,1420562713,966437846,583318285
94612,73688964,21313841,15205668,10321178,10836209
94618,232683548,23899502,10711441,9879746,10580138
94619,354206367,169685559,115020089,84305119,68572226
94621,121592073,47119366,36371385,35859092,35007134
94702,57228613,25894612,15410514,11317488,8094352
94703,97870513,34248394,16413647,15532606,16098745
94704,125282609,54734254,38312263,27519527,17597761
94705,561841007,196263629,179865064,111078330,63209489
94706,45014498,9945036,4376099,6285093,2355472
94707,418295483,40371069,24190412,18025814,9956381
94708,692642197,272025543,201447974,128819199,70154333
94709,63135967,17008310,13156208,11994718,10940480
94710,33135114,18008432,13133622,12991077,12482784
94720,5000,0,0,0,0
94801,84755792,40737229,36331193,34964569,30663352
94803,285337478,75137158,42687320,22052261,15161400
94804,82262026,34247149,23958207,28445368,22570113
94805,88206139,32135907,14241977,14862369,8851676
94806,81963492,31245076,27878680,23515602,24131202
94901,288659208,88933000,29799848,30619270,15468924
94903,173716467,41385070,36140409,8081652,8650218
94904,206293388,89495527,56859323,44258664,14224511
94920,122031835,48394542,27978399,23318751,18240776
94922,27892463,21319642,23186367,100000,0
94923,62323775,34994119,25638215,14871151,12434188
94924,28645088,20904040,16585209,4419387,1337037
94925,166229290,84260571,44076196,25464788,12934121
94928,21416049,4774145,3161763,1236500,919200
94929,19205409,7272717,3454788,2048712,2900196
94930,275498154,114741697,72743008,37572930,22994915
94931,12796287,3530140,185000,0,880000
94933,54264310,49767112,28939828,19610186,12351743
94937,388449766,346067696,264227477,192931745,129370700
94938,57078045,31386050,24757284,17230683,8645081
94939,161812568,55671802,34570623,17602144,12058750
94940,24898161,17253013,12265191,6550977,5998576
94941,1011563974,471670194,354640785,292069477,215680851
94945,181497529,69456898,33451346,18572770,2085617
94946,74892895,65948154,49165531,17100739,10213497
94947,204775958,46920523,24231537,7079254,10069882
94949,135222102,37200997,27770172,16057437,8689178
94951,76292498,46475881,26824310,13631896,3245767
94952,165194775,91584604,55730210,11723198,11974758
94954,79931039,38296585,19636517,4493250,2992800
94956,72338703,60595374,37441596,30134852,14706351
94957,72590215,27168943,11547186,9595200,761215
94960,203193356,70992983,22975852,19009619,11517397
94963,21887163,8161962,6083731,3377680,1962900
94965,470359371,339121702,302250276,258321649,200114929
94970,64500771,33815909,13450230,7642555,1364975
94971,7851116,6305719,11988000,7317000,0
94972,0,1110000,0,0,0
94973,69584127,70484304,35221285,26475354,20648687
95002,3719816,2542155,2392539,2962957,2290820
95003,850998355,332920955,229104240,193452054,61073318
95004,95508823,46081858,24745361,15028135,7123951
95005,749354347,378762589,228077025,121779220,72842445
95006,1168132855,732796032,469139384,213166092,120320504
95007,115173563,0,0,0,0
95008,19402191,3855016,1621106,2079336,1549017
95010,9384773,2985774,849268,156000,1160000
95012,21761761,16872398,8715163,3396925,3375967
95013,2668198,0,710100,0,0
95014,231458972,89682777,138283660,38859993,15448076
95017,29611551,24853435,13839692,6027208,9583117
95018,969608858,488146754,331436288,176421890,111742625
95019,3623756,0,0,0,0
95020,356364293,143164930,88451229,46725410,28525521
95023,130047083,58568066,47577606,33069748,16237693
95030,877787768,503852126,384337892,313907063,110988868
95032,413504707,188879428,122763862,94500795,50184549
95033,1736986918,826486784,634979209,424636722,327451965
95035,49488072,8744486,6732015,8031639,2726686
95037,531334839,306545371,193663547,128260158,90592049
95039,2856250,605000,366095,342500,0
95041,74084375,0,0,0,0
95043,56569449,51885323,37361784,21391779,9279009
95045,64686900,31645402,26675970,19472956,12677195
95046,73345035,44097585,16731985,5533600,3000000
95050,21319140,3492197,1472517,2179392,2060078
95051,22067091,4140297,1143405,836470,810430
95054,8422250,6721000,406350,0,1134900
95060,1260340120,513374392,310817876,165298316,116986701
95062,25347131,9080862,5262025,5771578,7106055
95064,4718374,2403895,279535,262587,248652
95065,453911624,170269002,106018029,65237964,36804571
95066,1244308458,480993337,254335147,116050811,68958614
95070,878377147,364559139,239754297,158813396,96831191
95073,521850482,241994927,174034590,130834482,43072133
95075,16380816,11302355,2046368,0,0
95076,648815429,309278927,207787486,134160549,92566250
95110,19691247,15386857,14050214,14234658,14626839
95111,31057519,10216514,8369121,7671334,7255850
95112,86661259,47463130,45727914,47997037,50214937
95113,1850000,1850000,0,70000,70000
95116,30813231,16276577,22952777,31167572,30132478
95117,9815442,2136591,945503,895557,820207
95118,16194492,12732354,27941166,27104558,27733202
95119,15701021,1030500,0,515700,0
95120,299453355,117371313,42007022,28112845,19245249
95121,25699905,2904117,3511436,3249438,3798532
95122,33390131,15195947,17107151,16519498,12349008
95123,34237376,7946606,4007959,3786942,3273017
95124,27687853,10015012,2248270,2116837,1485329
95125,38927529,16055404,13510586,11177622,4860147
95126,49798863,19198113,11512603,9707327,10083527
95127,105887572,49627096,33652793,24455081,23178337
95128,18560398,3966600,2655189,3384259,1964402
95129,16920254,3068018,2206641,2162912,1268251
95130,1825000,0,580000,0,0
95131,20544653,2752591,1841461,685291,652715
95132,35803802,14867190,10141682,4295554,4046681
95133,15803667,7012594,5996615,3887394,621696
95134,3787000,200000,267500,0,0
95135,44763410,11704930,1565287,2967659,4855694
95136,12254496,1943261,0,0,245000
95138,67265063,20025398,17153960,7382100,7444427
95139,6995520,3089007,1038346,966969,908762
95140,26297068,19884674,12902711,7670887,5743782
95141,4657400,3510000,1819350,0,0
95148,78847619,12636743,6531517,5554274,6270241
95202,35675018,23932224,7225247,4729936,7403191
95203,34600191,18217007,15053798,13429594,14755240
95204,31138258,20040784,8078079,8361254,8730621
95205,67444333,44361420,39237806,34221862,27002743
95206,70155883,42573203,33094985,24710823,21905732
95207,49886908,11365746,6182135,2984384,3543671
95209,13698319,5830740,4209549,3239771,3075037
95210,10310852,2216569,1413007,1515619,1772803
95212,22353014,8990585,4683578,1775194,1763612
95215,39218509,12721129,13264681,8121086,8703121
95219,34641277,3516386,3377567,4300385,4030096
95220,9896071,12122381,7513830,2959879,1557480
95222,480996683,332730851,208311696,160590653,120952426
95223,3558704436,3241857586,2660577111,2198189301,1707423782
95225,27326184,0,0,0,0
95226,9973894,0,0,0,0
95227,7817684,0,0,0,0
95228,718894723,486521756,258277471,168493955,98152130
95230,13562452,5963432,2993360,3795547,2727762
95231,26758601,1492606,404088,379002,1190065
95232,39535740,34235585,26818238,15041873,12448780
95236,4171900,4359700,0,0,0
95237,3989900,3000000,0,0,0
95240,28263175,10446241,8777931,4937782,3286571
95242,8491528,6101070,2237856,1691847,1647207
95245,257699048,226223637,170305332,118412708,95396739
95246,227605834,201358921,153140817,110231063,76991348
95247,1143646154,966419151,740747846,600450871,444975371
95249,270694146,207427919,143874536,104933274,58398396
95251,112803578,102738572,89081609,83179257,47171742
95252,494467742,375551929,226251775,110264018,70619468
95253,1125000,0,0,0,0
95254,17245352,0,0,0,0
95255,274588453,237568956,205497865,192852353,154806944
95257,96298472,92368946,87498772,72737729,54062064
95258,5758681,159759,148154,126833,119190
95301,8846101,6290841,6331790,6909687,4523332
95303,1052793,989279,925488,873127,827455
95304,15352526,5773683,2309827,1721208,4644152
95305,15253509,0,0,0,0
95306,90353546,52290488,45164362,29021290,6494070
95307,19269061,3886481,3394541,2602706,2848964
95310,266963333,217851793,176247123,152471626,123745906
95311,210880430,173111566,155519744,124488093,94591881
95313,220000,220000,220000,445000,445999
95315,7303959,1099600,0,0,0
95316,6411150,0,0,0,0
95317,6954405,6721117,0,149340,140100
95318,73966418,31951164,25636579,16085589,12008344
95319,2199849,0,0,0,0
95320,7177162,6484923,2818083,642951,560469
95321,1619959950,1342949830,1062814831,846141992,650202016
95322,11103835,1939174,633200,598338,567928
95323,981707,914836,849104,256081,242762
95324,3363000,3000000,405000,0,0
95326,25445495,9120158,9088636,662764,1244297
95327,458901140,347772896,236087505,162483426,119559902
95328,3146220,0,0,0,328480
95329,226036211,167475238,108233689,74418527,55030124
95330,7964050,850000,1032800,0,668000
95333,2558406,1619280,473000,0,0
95334,8532380,5173086,2185052,2089071,856417
95335,565302190,549126665,474667867,384040551,305828635
95336,26922358,7583976,3169173,1634062,669487
95337,24701308,20632784,8643156,8069785,3234472
95338,1343849084,1068164608,876710258,512129255,349640563
95340,18959147,10843326,6333874,4027440,2653482
95341,8426562,5476632,2449901,2669586,3254618
95345,87511827,78004016,62677226,49984642,39379588
95346,496599453,465096296,394807859,342662986,272439666
95348,11529123,4843254,846726,1232688,457890
95350,26982280,11169806,2411264,3249961,2453878
95351,40874694,12605243,7348210,3473442,4610439
95354,12836665,2844825,2977347,4663995,3178473
95355,31191215,12163927,2980078,3283813,3716837
95356,14406011,3673050,1643931,1539571,404275
95357,7732719,4347154,3620432,1706574,1872187
95358,28406805,10641622,5166629,4432122,2524141
95360,5368220,2840393,1070978,1869680,754832
95361,41198861,33577831,20687014,19279135,8915823
95363,36345145,11786555,3481618,579650,500000
95364,110477321,83138840,73270416,54715777,41631076
95365,1189325,1603788,1168910,1887999,1616638
95366,2533250,1742614,961387,2629024,2553249
95367,8945374,429350,0,509350,350000
95368,7349467,1420100,0,0,0
95369,13616865,6322141,4825586,2823487,316500
95370,3752033197,3093998108,2348068996,2073830662,1747361075
95372,261715763,214144578,161428927,139231961,109259070
95374,2703028,0,0,0,0
95376,27260671,2798718,812729,787130,764800
95377,17319019,7707521,4566212,6075399,6063236
95379,539422913,446165470,286531731,240204291,178068189
95380,22976499,16902434,4530428,3664870,1895429
95382,8963707,1310765,3067446,1578344,981079
95383,1598231968,1474371726,1249094040,1041406220,877407844
95385,2412013,943627,897700,0,0
95386,2843865,1019000,777026,1658058,962600
95388,3979205,1239655,776669,731426,698344
95389,278072788,238514760,209868194,161613777,106250817
95391,13464479,0,0,0,0
95401,46142277,23858093,9277005,6959981,1368377
95403,363694348,177330274,115860757,61255349,20307958
95404,1388148505,858457987,582296602,256462019,152160399
95405,146521514,43920636,12690130,9304922,2978567
95407,86672110,29556773,11487045,10881050,6859981
95409,523817999,224909878,110566527,38350398,24044539
95410,55664943,46179511,30610649,17529181,12682328
95412,21722524,25914799,22868391,9888342,6043268
95415,80145445,59302227,41231352,31489159,13163866
95417,7424189,5947198,4692291,2846001,2236155
95419,26152961,0,0,0,0
95420,28181257,22310227,10945712,5557389,4126171
95421,207481534,123678210,97701029,46165833,29382812
95422,296546761,145294396,78134837,50582830,24836544
95423,191394632,115535105,56330931,31783239,15643661
95425,344903795,222751841,147151397,92787625,57060610
95426,311510823,222552024,149948517,64937351,48587813
95427,16817357,13523296,9914892,8152362,7166332
95428,31841136,32077017,23146434,22349141,20564060
95429,12409465,9517652,9222709,8250776,7539632
95432,28080436,21220535,20942586,12563230,4742147
95436,232185980,163557554,108836330,41767433,24214333
95437,248743285,120990635,81689671,39837895,28126801
95439,1677243,0,0,0,0
95441,199586820,178985434,135980940,63174067,37545587
95442,433112728,282569119,182166020,54898322,39453046
95443,29851650,24326790,15403682,3075863,392923
95444,1953652,1308400,157000,30000,0
95445,329553419,220608372,150051680,78262180,40488651
95446,725073715,481375932,233574623,96003922,45726373
95448,889664385,659389994,504207053,243889517,155369777
95449,63336520,51845762,21512040,14566887,5664767
95450,105485494,98346799,76172403,37873481,27510687
95451,965206975,788272874,550532332,445001825,313062237
95452,150672189,86881765,54555282,9483450,6555065
95453,225640080,120980163,67268707,40022060,23382510
95454,95865699,102171867,89226759,77118123,61514377
95456,115542633,66736469,41439711,17200439,14156269
95457,306589450,242356896,148053498,99984341,59260660
95458,109085340,58549650,32986727,23971167,7892940
95459,55349123,34478115,21260965,14486447,9143063
95460,147001948,58996394,38914143,25149876,14224192
95461,337271069,254058636,161814883,68774108,44756857
95462,159704280,113082964,66398678,32865158,19256322
95463,17980905,0,0,0,0
95464,69073992,33541685,23121473,12072800,4677132
95465,154384579,123137831,82293868,31433443,11602344
95466,98617603,84329993,49784768,27661519,5282553
95467,282282866,202894554,132297919,51936554,23535338
95468,43024089,23482954,13088345,7295702,1574935
95469,126257409,100768572,60887904,48445644,33652758
95470,194068243,111159731,72042872,56050222,43950886
95471,21783610,0,0,0,0
95472,420354630,273981384,163572145,81606719,39674749
95476,797103426,399001416,250159280,76740330,43832939
95482,767900803,399740518,218899105,158887028,96788345
95485,100296521,75316167,44966888,31862063,24691025
95488,16380195,13418191,7387871,7418154,4633567
95490,608478782,507866662,386235273,277202560,193021144
95492,137212032,56572603,32448406,21881042,12588376
95493,11605674,6693279,4410144,3363383,3513389
95494,46058580,43803541,31085895,17466714,7183497
95497,331489672,164965407,105533820,54762165,37649775
95501,60943802,19063118,3446578,4912608,3718587
95503,128734351,58117440,30832922,14240856,10036239
95511,6276014,6646046,9858139,7163733,5317569
95514,8437245,11491674,10809013,4047984,4027601
95519,109462940,46689059,16883789,7801927,3879450
95521,117404276,50460203,26803964,20420644,9924857
95524,27239297,11290475,5649963,2015398,1345251
95525,28916978,18842439,16183840,9303015,10133325
95526,27865683,30599197,23667940,21811240,14923525
95527,40017247,37064450,29421760,27243761,19160274
95528,24027974,13701870,11408029,6339562,3586674
95531,128644421,52299310,33158787,14187874,7829592
95536,23112364,11793385,12721754,8024795,4492988
95540,64311904,27804406,14472248,11993061,5402073
95542,196116909,159511971,136752171,133333946,104568384
95543,48071765,46023405,36884285,31773589,15875341
95546,14463063,11740380,8723617,3025709,1631285
95547,6431064,573000,1825812,956250,0
95548,8860223,5316033,3687692,2118051,726910
95549,39649549,24917772,17555146,8026842,5367262
95550,16442323,15825711,14150881,8728875,10149240
95551,13982499,8518814,2771306,1930660,0
95552,26080383,24373565,21085676,17435972,12044108
95554,77625984,61093864,55844113,50086236,40284112
95555,7844326,3996996,4321681,1320332,984174
95556,22529996,24604537,17842564,11427457,10754879
95558,22078395,19716114,16092618,13687985,8423408
95560,77427558,74741908,62535255,43952443,30727654
95562,23261364,6594560,4047580,2294966,1141800
95563,97993572,72425531,68299494,64715584,45835521
95564,2765278,863100,0,0,0
95565,16061732,8779581,5415909,447211,429334
95567,9114983,3595076,1541226,1790191,1043247
95568,2822211,4263735,2795175,2134762,913156
95569,7883383,9414454,6458128,3479446,2744105
95570,56847537,31713105,13323757,5328090,3596597
95573,142631750,105307059,72560196,62373927,34362266
95585,9397346,8669808,6396948,3077604,1919839
95587,9688757,8514815,6104727,7564612,6511749
95589,100765798,72847427,47749726,48173919,35475043
95595,6038826,4093275,5562475,6762494,4992407
95601,37717256,0,0,0,0
95602,2792646339,2190718766,1637784872,1394248556,1058411786
95603,1622698920,827927171,619844326,559512799,327411191
95605,30780922,4017070,253000,0,594150
95606,3259851,3705978,3195828,1745200,0
95607,4234553,4115264,1246840,475000,0
95608,39967568,4934514,6189622,3493646,4627492
95610,9588437,3871542,1999011,2642920,1456764
95612,207365,195999,0,0,420000
95614,603501785,429068407,375196274,316433030,196804825
95615,0,0,0,0,0
95616,9399707,3286847,1426726,1629149,2288055
95618,5738325,5698700,530550,660150,0
95619,331198806,199949847,98485664,76351753,47917647
95620,8922427,1693800,0,1066398,2476179
95621,6474149,3984931,2586174,797031,753209
95623,564043452,382407294,228719353,188721634,114990495
95624,28119572,7445295,1392583,1263497,1374941
95626,7088340,4396290,724250,96000,418000
95627,4242542,1415600,500000,500000,677368
95628,27034056,10215105,2346385,4833650,465972
95629,180077384,142615948,115054296,97077306,63332100
95630,138443052,24180618,5550121,10211270,3317001
95631,1422913936,1310415978,1196256216,1058110361,727139325
95632,13400545,8074194,4580457,839117,163650
95633,579960648,439281939,391678843,340575083,284485477
95634,542062696,408059472,360385432,297700966,240264458
95635,237764128,185863619,167776119,135732389,112965120
95636,94101963,65224130,65896163,98894650,66883812
95637,14104813,8360880,4324577,2620000,0
95638,12340138,9931887,2126827,1488909,566265
95640,168823345,77297769,44440292,25415199,13027258
95641,2966472,2571931,1290164,2436919,1454758
95642,488429326,368843732,241097445,150765179,95724754
95645,662500,248900,3001289,0,0
95648,177313548,95412900,45373284,41202961,21051354
95650,676555715,366534855,204317584,146274361,82452879
95651,107566840,74868090,53396366,48634874,37048734
95655,2871400,0,0,0,0
95658,491302363,231176912,134843452,103784185,72581455
95659,0,0,1486600,1915600,0
95660,6726924,4829941,2332824,3868384,2422463
95661,9124985,3621693,1195453,1079000,0
95662,16258918,5796658,979640,0,280000
95663,110195275,40900659,16280800,18480825,7633634
95664,259103245,222194819,181868271,172284328,101651513
95665,826465085,709178889,605275912,534131129,433156496
95666,1605898553,1402880241,1162578892,1009603273,784533968
95667,5825607869,4164405531,3487052986,2974648168,2479728248
95668,2688440,163400,0,0,0
95669,265905746,185419993,132431972,82274360,42533207
95670,23191970,10634350,1212312,2006650,173000
95672,662469327,481691329,336462447,267720396,141298693
95673,17963639,5491715,4313866,3891871,3360979
95674,2509438,940406,237002,223258,211270
95677,50027871,15092911,7062373,1268779,720334
95678,8270474,1683973,671985,877150,188000
95679,8020953,6840423,2910381,3345916,1900350
95681,9605228,1751149,1555950,745450,0
95682,2306152170,1387787967,768082735,605248694,348450317
95683,34078927,20360807,7901465,4258020,2434411
95684,561696691,485651585,375953825,355730955,244133198
95685,465198209,387656244,305859249,217391154,157537196
95687,24717723,5702512,2392967,1542830,2634727
95688,159545071,60360912,25551383,14861187,8283195
95689,310836452,252475020,201696036,188732902,153234388
95690,3756660,1854940,1069407,763400,500441
95691,49405802,24350867,6122478,11498407,10794748
95692,11346633,4810221,3508213,3114144,688570
95693,26451683,4680891,3084378,2763931,1682169
95694,57100529,32859043,20840738,10171137,3199884
95695,19707398,12078620,3789502,3570525,3324938
95698,518454,485752,452692,406220,387000
95699,15962803,0,0,0,0
95701,214722621,178012184,156204161,134780976,113270389
95703,283254281,242731586,198705252,179254189,107121018
95709,894868199,752298186,672288807,597023416,348275256
95713,1503551633,1188967481,1075902824,981097730,609647170
95714,85840444,69313298,60852252,52038946,42957495
95715,48736342,48504905,40848207,38071475,22987975
95717,41777617,32653961,30761293,26626667,19243752
95720,73312535,70481403,61305323,57325877,46790115
95721,34955099,27521699,28351718,36273201,17833194
95722,1487306341,1260414818,967499326,817821064,504109513
95724,71755133,38180342,38990826,24543464,11629028
95726,1884592852,1631486084,1467460713,1283964633,1058009882
95728,463949488,334997036,264017533,145938078,83290510
95735,65834410,59394616,46848572,52807466,33309496
95736,15032128,0,0,0,0
95742,15957743,5192800,0,0,913410
95746,878084240,403121382,212690900,121424945,67905649
95747,32968409,12338992,3042274,3472034,248723
95757,11792079,1025272,1671373,1565569,970702
95758,19097907,2502078,449547,421783,727065
95762,1404739825,624175916,365156002,285793672,170962474
95765,17153020,2730808,792178,741450,0
95776,32748519,8400000,0,2144850,0
95811,18992809,8538305,5103615,3392367,3129718
95814,19316982,2080057,996294,1224416,1268493
95815,22904548,17259871,12171122,15212974,18892924
95816,51677122,16177768,6435852,4795561,5089175
95817,8316935,6209316,7523109,6838825,6481716
95818,32175535,16009258,11555980,7985428,5794383
95819,12764168,2841749,2649488,3748638,947786
95820,20521213,10091270,10411277,7123648,11007866
95821,13456804,10301331,6129697,4276251,3741129
95822,23004858,10573082,7707417,6170785,7644554
95823,24492231,7369727,7995065,5219529,3685291
95824,18011442,2573055,3632756,3092539,3283985
95825,5807164,548005,517300,980007,734450
95826,5695174,3133411,1069734,1936151,3409902
95827,10902149,2939584,2014944,1243186,337884
95828,27130515,5763288,2944705,1522570,1912315
95829,19730323,6333577,2927469,3680005,3859641
95830,2073500,675000,0,0,0
95831,11935064,3675375,1721912,1073204,1698384
95832,6122900,876591,1922586,735120,702069
95833,10116954,1761153,1983833,2041462,6906316
95834,9039242,3500000,4281680,1272691,491767
95835,7696899,755000,0,0,0
95837,2130000,0,0,0,0
95838,30534480,19399394,13902956,11160646,12909955
95841,6383780,1594455,817088,768794,748036
95842,17932331,2397745,1385323,523219,1143977
95843,5026967,1000100,502150,0,760200
95864,16382282,1342400,0,880000,1230623
95901,131925316,57906617,30766773,25123448,13892226
95910,6847571,6944077,6184880,5914080,5173712
95912,2302980,5888956,3498998,1967500,0
95914,51097485,42999920,28447619,14613514,7102696
95915,787321,411521,825750,201400,0
95916,75323467,62823655,43991914,45165717,85062336
95917,2047285,1197475,353185,340275,0
95918,150341094,87043877,57249286,32023698,19456921
95919,173961242,143894934,127532554,100777250,79944919
95920,0,221000,0,0,0
95922,56740463,49034342,41561862,37139934,29926702
95923,48360171,42845467,27666036,26709050,18271316
95925,31541166,25991206,23858832,60408239,46863274
95926,14091630,2721725,703747,1166706,310383
95928,204803664,129903272,58688157,52266448,42551472
95930,60490722,0,0,0,0
95932,4714632,2851524,3561047,240353,1256083
95934,6622698,6796076,3085390,4440058,3611589
95935,101579426,84622169,68719474,53000698,40728535
95936,75826207,66147023,59479537,40925719,29831693
95937,918984,861534,803834,757651,721841
95938,3848995,2889891,1508733,1701235,1392170
95939,8158989,7088456,8263088,2419337,850440
95941,42815927,40209877,33794256,29997274,24308709
95942,357335983,302601411,244264426,211822938,162817150
95944,6864676,5116466,3992992,3833546,3008656
95945,3106092265,2299807353,1626205814,1335537786,1130432788
95946,1384873794,891116473,558184737,450530931,382280022
95947,67101208,43490677,32002915,30302655,22030967
95948,3758297,2149903,774432,699680,302400
95949,3962036718,3288704874,2641996437,2320737512,1907021396
95951,1587205,817250,0,0,0
95953,8495169,7613688,8593388,6910542,6404063
95954,1256773993,1032186907,695440792,584564361,431971149
95955,0,136347,128251,119680,113450
95956,49143944,39661028,28976368,22040353,15496233
95957,402835,376365,1129399,1076000,852000
95959,3995298101,3282188587,2532448342,2116418611,1671280605
95960,72184438,71600464,66713009,51587255,46091454
95961,17228648,2633900,2773205,1981549,664608
95962,156477980,131092922,103279353,83382247,64433040
95963,13931870,9626134,6629271,4387299,4501090
95965,344987352,207767627,114794599,87129798,51922786
95966,1823544673,1230082219,767463571,653027872,556492840
95968,14295514,4538133,1717117,392363,139793
95969,1619661110,842186799,406179523,241778119,109895301
95970,1230045,685541,642201,599978,42722
95971,373736341,268657832,146115800,115876939,72921260
95972,15175158,12013531,8199315,6054376,7496822
95973,177192812,103160636,74533974,58880384,43002081
95975,299461045,246513292,182390374,165229880,138630434
95977,177162211,137520646,104269482,86490451,69375117
95979,19576544,12879925,10482381,3182824,2230394
95981,79123398,124920873,101085376,48795923,38883751
95982,631250,2601665,1776500,0,0
95983,32953457,27344487,19839446,16117022,12641990
95984,11478739,12574434,11178550,9113078,7188692
95987,2166360,3077777,1443508,303855,291524
95988,2700325,2581567,905194,688630,1263310
95991,27101706,2750758,2676774,5500271,1760145
95993,11427550,218437,204530,186292,1746007
96001,495788495,254675240,115422429,97503709,66657235
96002,132933064,58041970,18748693,11361481,6644862
96003,727901063,458722479,265470441,196716565,132155208
96006,3953832,5259949,1743686,1189292,373670
96007,349038917,198401243,93780451,56371472,31152354
96008,85978961,53028694,36822926,30369703,18845842
96009,2194259,0,0,0,0
96010,13959066,10077798,9610535,8164151,5958809
96013,135595284,85563443,44407338,33541279,21812525
96014,13650555,9867122,3423932,3294761,2226352
96015,13207631,6161551,5482145,1247200,0
96016,45035682,27236194,20668736,12029205,7278099
96017,25970479,27227559,15988753,13008474,10223378
96019,169800760,107424783,54489216,36869031,22265798
96020,329430945,254522891,153074972,139836599,89653513
96021,90826091,55240988,27847236,8765222,3931009
96022,368707764,253502199,141217529,95773020,72898719
96023,8163661,4722954,4233210,3795313,1518588
96024,86320550,68844875,54426584,52319482,38446437
96025,186818274,149595999,92268967,71049359,52645937
96027,72847345,40768874,22650949,21794686,9908919
96028,56632538,40023584,21163378,7384553,4717507
96031,2915881,5450334,5290053,5252990,4003693
96032,85150281,61362064,39447102,33845647,22417809
96033,21339436,12509282,6377736,4774683,2737951
96034,4929515,4221829,3722654,2793293,1936379
96035,7236647,386181,1290250,0,0
96038,7208330,1107337,631184,67450,65000
96039,41559059,30070591,22156985,18800282,19118023
96040,15064159,8873089,4513597,3217611,3254508
96041,62422416,53739524,44938685,42371779,30820988
96044,22531975,14545904,7874569,6333766,4362933
96046,6443902,8693776,9098780,9971146,5377750
96047,52791618,38391229,22598557,21097731,11550678
96048,32402878,24189394,19899215,20962558,15587737
96050,14347489,12481002,13137718,13577227,11668337
96051,164674852,134303531,86226636,75699489,58102876
96052,106306984,88448826,70615820,60493397,52051688
96054,5463101,2410721,1911980,1504724,665500
96055,11538308,3982869,845262,1241308,114800
96056,31675655,35223861,9891597,8031332,3042789
96057,136014445,87068107,59513005,45196173,33074516
96058,13272996,7919866,3952003,3132341,1123311
96059,45594860,27882834,21535629,16338975,14271458
96061,41368006,35367732,25226203,18424907,15508260
96062,46206452,31895186,22961570,19890439,14056158
96063,40682985,28686924,23745991,17610966,8145781
96064,77165625,41703893,29516676,10644759,5353053
96065,51897249,42177285,36294250,31088033,20950385
96067,540051728,161120847,99911236,62712840,49282164
96069,55392271,42866574,31254591,28761176,24097161
96071,31637628,27881543,22511920,19784564,13197920
96073,108622205,82975297,56222931,40538098,31697868
96075,16744801,12697351,8837735,8002499,5227024
96076,8647011,9352715,8131469,6480968,3953356
96080,234845433,166010455,86188596,74933757,48943846
96085,5852611,4896295,5022762,5540627,3355041
96086,13221807,12526290,11505404,8414091,7962054
96087,41707757,19487035,13436204,5829275,2132482
96088,517096556,408039176,247828933,200923111,147790494
96089,2636213,0,0,0,0
96091,152349968,108110310,95767870,86155924,71016855
96093,101534269,71197521,37387136,28296133,15135951
96094,243290342,102068816,47683885,26405568,15346771
96096,78616006,55979945,44669256,48882839,33845823
96097,190340830,85648036,52579295,26494295,19978088
96101,52935221,17061951,12561831,6478824,4339601
96103,423565099,330579622,227200272,180344779,132186084
96104,7281287,3984833,768746,698120,1210539
96105,30518864,20004530,15129594,11786942,9211745
96106,133514078,120104673,86675934,57684710,45221150
96107,16233717,10219461,6913021,1198093,1216391
96108,5709918,1718563,279820,80625,75000
96109,11359295,9356352,9576250,4456226,1471266
96110,1250809,0,0,0,0
96111,21911025,19932562,15042398,13623570,12941044
96112,4721385,2942988,2827073,687000,275000
96113,3356387,1685285,0,0,0
96114,150693207,66920361,36608492,22102699,18700199
96115,8045521,2060448,0,0,0
96116,5144431,2369575,419550,0,0
96117,2574405,0,0,37500,0
96118,48247040,26662578,16751229,10766037,10596434
96119,171320,1045857,1036022,943241,331923
96120,166235239,139143585,105778744,78919011,59786513
96121,12757556,5975074,4946974,3904671,2240027
96122,435996018,320523034,202358370,163514455,117598880
96123,0,0,0,0,695765
96124,59892055,41803480,32924082,23812529,17631413
96125,123098044,97984271,78294058,59132002,38817507
96126,41488164,27299165,13280709,10166416,3961724
96128,2305190,2017000,1170480,0,0
96129,14448486,10228335,3983572,3351755,2066315
96130,308595111,119479411,55427940,38309038,25982905
96132,440150,192000,0,0,0
96133,1716750,1346784,678177,644200,0
96134,3752870,2686441,1511750,2224557,1032714
96136,471200,0,1167331,0,0
96137,876005888,735873938,495872879,406336480,281382730
96140,896411659,696875536,463324397,262613761,112024501
96141,777372607,453856707,247164429,170585624,92025561
96142,848976358,578229060,298375170,191110172,97762085
96143,609339801,480986047,385754654,267951072,154629648
96145,1881322975,1356405979,1091059198,874810309,448051627
96146,1388753745,1050933063,841917656,693874350,366504653
96148,555417335,425859202,268180029,173566935,83194850
96150,4783124758,3640070509,2512784011,1922491089,1232468649
96161,8012298571,6279600125,4428551571,2834526212,1779570914
97635,1928543,1294087,1294087,1294087,0
